alert_key,probability
357307,1.72E-05
376329,0.00032414
373644,0.000372012
357668,0.000488692
354443,0.000525556
361128,0.000886538
364753,0.001057389
365254,0.001321919
375177,0.001554787
360609,0.002650265
362463,0.002997267
371048,0.003724474
368703,0.0037718
376496,0.003925634
369160,0.003972957
373250,0.004030032
357108,0.00405172
377450,0.004570662
377489,0.005026442
369183,0.005235683
375786,0.005385378
367385,0.005790364
359961,0.005803534
372097,0.006369698
374437,0.006401459
372786,0.006596792
373652,0.007559706
368288,0.007959106
369001,0.008006123
357471,0.008747309
373249,0.008834857
371557,0.008879561
363442,0.008967305
367901,0.009127459
356228,0.009130347
366990,0.009135589
353518,0.009138636
366992,0.009441363
366277,0.009880656
370571,0.009940367
355197,0.009940916
370278,0.010197381
376567,0.010612582
368268,0.010716221
368570,0.010855993
371768,0.011395877
369612,0.011830347
353241,0.011959398
364675,0.012384532
358723,0.012725063
354007,0.013656917
376117,0.014458386
367018,0.01501238
370240,0.015028798
355816,0.015087444
360063,0.015562113
367684,0.015612938
354047,0.015720837
359605,0.01634408
358227,0.016472288
366963,0.016728919
355808,0.017548831
367535,0.018295994
362125,0.018712959
356795,0.018922416
364626,0.019226683
371637,0.019504806
361856,0.019804627
369164,0.02014221
362723,0.020387183
356790,0.020426108
372305,0.020667546
365739,0.020699391
370233,0.020822157
371793,0.020948872
356638,0.021088739
358254,0.021149614
355751,0.02128243
358216,0.021498845
367366,0.021555177
363261,0.02172806
378018,0.021795173
359854,0.021825182
355188,0.021957924
360842,0.0225124
354853,0.022567225
357485,0.022620413
376503,0.023545181
371279,0.024731431
358458,0.025008801
360264,0.025072624
353868,0.025622601
363136,0.026085091
361003,0.0271938
373477,0.027337353
376103,0.027387421
364190,0.027444438
374318,0.027579537
356306,0.027773152
360401,0.027969674
354820,0.028439565
365325,0.028496918
367417,0.029011484
358172,0.029054055
353872,0.029439178
368580,0.029521743
366708,0.029583605
365595,0.030003258
359647,0.030414729
372343,0.030424574
360589,0.030509456
372795,0.030808095
371639,0.031022875
364695,0.031136776
370248,0.031223872
369444,0.031312298
355181,0.031603272
367216,0.031991491
375775,0.032035505
378068,0.032059851
358331,0.032093925
356245,0.032120076
367533,0.032284222
374525,0.032570304
367893,0.033145637
376644,0.033315515
361282,0.033605307
376785,0.03374771
361270,0.033857781
376080,0.03429141
368682,0.034779943
369990,0.034949703
355775,0.035039287
359483,0.035490186
364253,0.035503058
375891,0.035530319
363763,0.035566166
377761,0.036565558
363459,0.036579669
376304,0.036748115
374936,0.037312358
365467,0.037457335
366252,0.037780358
361314,0.038207429
372124,0.038220854
355384,0.038552668
361166,0.03910816
357448,0.039193187
376098,0.040112749
357069,0.040298591
366687,0.040615842
374428,0.040738184
368724,0.04099415
367897,0.041180997
365876,0.041265818
378410,0.041447961
353835,0.041654007
354842,0.043276257
352876,0.04344871
364678,0.043539825
376490,0.04354938
367421,0.043559883
363916,0.043891714
372347,0.044764801
356951,0.044899225
368577,0.045374302
356045,0.045439998
371280,0.045555742
360011,0.045589038
371626,0.045649719
354261,0.045776236
360409,0.046151168
357498,0.046593752
376073,0.046618443
375311,0.046856998
359775,0.047004939
353861,0.047276641
362890,0.047722488
366823,0.047760041
357507,0.048031493
357221,0.048203204
366696,0.04845185
359648,0.048485885
357871,0.049027491
366624,0.049753884
357671,0.049806766
364686,0.049813215
375306,0.050212513
377933,0.05058435
355411,0.050595592
354673,0.050677379
368901,0.05156908
373256,0.052426309
370153,0.052521098
371749,0.052567546
353860,0.052622983
370243,0.052679828
356784,0.053155681
357509,0.053224881
364640,0.053664438
369808,0.053680887
354049,0.054085967
361566,0.054275313
369145,0.054632418
368524,0.054943277
354246,0.055071891
367543,0.055378569
375035,0.055455627
367691,0.055467288
367217,0.055470737
363771,0.055496048
359340,0.05569156
370161,0.056338872
365578,0.056457029
353385,0.056642104
358046,0.056993084
374575,0.057253456
367418,0.057332604
372812,0.05771978
374463,0.05799436
357882,0.058062126
358808,0.0585576
357222,0.0586035
365617,0.058876903
378407,0.058974672
360566,0.059434688
363102,0.059565957
373444,0.059641795
369593,0.060129161
364319,0.0601944
353888,0.060644959
369464,0.060959717
357324,0.061171602
363320,0.061450131
362725,0.061572168
372794,0.061936113
377432,0.062044219
371421,0.062414947
375460,0.062625851
374577,0.062745417
374600,0.062825822
353200,0.06291998
377808,0.0631284
357128,0.063330531
369186,0.063356476
357297,0.063380339
370276,0.063605217
360576,0.063805317
365579,0.063826013
370256,0.064432058
365349,0.064529235
369617,0.064546788
367888,0.064739911
370918,0.065079572
372959,0.065081576
365750,0.065176283
360553,0.065183651
360596,0.065592546
355202,0.065594366
360387,0.065694337
364293,0.065843844
354595,0.066972279
366062,0.067015339
373254,0.067042762
361133,0.067256525
361136,0.067310597
374929,0.067845033
373237,0.06812026
358178,0.068239308
376890,0.068410195
354663,0.068492396
377801,0.069032858
367574,0.069238025
355155,0.069508154
355378,0.069837188
357488,0.069931279
363863,0.071368881
363284,0.071890736
367422,0.072403711
363886,0.07277168
375931,0.073154079
364165,0.073750843
367170,0.073753945
357661,0.073948465
364302,0.074155107
374464,0.074337511
363478,0.074605798
363289,0.074840826
361848,0.074893715
356418,0.075090529
373804,0.075810776
357287,0.076855035
357322,0.077173451
362586,0.077523574
377954,0.077631029
367370,0.07818028
369395,0.07844815
375995,0.079027861
372636,0.079061842
355196,0.079110386
355397,0.079277066
364734,0.079479068
354211,0.079538208
374429,0.079562142
368544,0.079598468
369619,0.079705305
369455,0.080005903
378106,0.081096801
366077,0.081169531
356395,0.081189411
368742,0.081566178
367726,0.081862831
362735,0.082204334
364316,0.082809196
369816,0.083187412
358569,0.083351629
373405,0.083421517
370724,0.084010146
358040,0.084621833
354417,0.085402071
355801,0.085911182
372901,0.08591786
373383,0.086202968
371622,0.087732552
365771,0.08775415
377454,0.08875233
377351,0.088890522
357064,0.089329079
361456,0.089360396
372803,0.089474341
362823,0.089533745
357905,0.08964837
369344,0.089698029
365908,0.089698435
369945,0.089734927
364201,0.089871993
377798,0.090009871
373805,0.090263149
373825,0.091404814
368990,0.091670241
356789,0.092030821
360833,0.092416033
377610,0.092420001
376640,0.092429242
376215,0.092709666
352651,0.092786763
360254,0.093135448
375567,0.093277212
352558,0.093638471
362226,0.093902824
378082,0.094091457
360572,0.094257098
369323,0.094582536
373235,0.094623351
375292,0.094651385
368098,0.09468092
361576,0.094900493
366676,0.094914228
365251,0.095605154
356214,0.095822428
375409,0.096135064
356017,0.096200267
365326,0.096364509
361431,0.096492414
354607,0.096551952
377604,0.096737399
366516,0.096802348
354642,0.096980138
366717,0.097704543
370834,0.097713898
362131,0.097750746
366707,0.098529174
352249,0.098923225
378404,0.099416715
356612,0.099805337
354928,0.100325793
367398,0.100402997
371289,0.100831208
371058,0.101024404
372843,0.101469112
375901,0.10211581
365618,0.102405209
359371,0.102672737
368745,0.103051937
374116,0.103140602
358199,0.103383665
367552,0.103802098
356588,0.103886546
355090,0.10389761
355418,0.104151422
361617,0.104254005
370551,0.104374646
368414,0.104392507
367389,0.10443925
366859,0.104568692
362147,0.104575216
367410,0.10517104
366598,0.105205456
361008,0.105278659
366121,0.105387888
361706,0.105451257
371969,0.106278604
358482,0.10670547
372702,0.107838016
355558,0.108652819
355762,0.108839026
374098,0.108868475
367003,0.108920711
369187,0.109465443
354448,0.109798078
375315,0.110116931
354218,0.110195158
370380,0.110200111
370266,0.110209134
367518,0.110498743
359732,0.110624917
369472,0.110845864
366125,0.11091416
371405,0.1111557
358443,0.111338964
372540,0.111526427
376216,0.111595389
370733,0.111649399
357849,0.1117095
354780,0.112155952
366082,0.112212043
353172,0.1124295
354054,0.112685454
369299,0.112722589
376235,0.112971214
366666,0.113252606
368422,0.113553332
358464,0.113836107
360604,0.114307673
372678,0.114399781
371773,0.114529638
356216,0.11465744
366821,0.115238949
355753,0.115473828
376919,0.115834837
355204,0.115995826
361822,0.116013583
357259,0.116334774
369177,0.116772438
356410,0.11681517
352343,0.117121682
353878,0.11767231
360232,0.117705978
364977,0.117815445
360079,0.118362108
373121,0.118499865
355179,0.118562728
366104,0.118845863
376684,0.118984048
356316,0.11899147
360034,0.119319597
359639,0.119602306
369876,0.119718722
354245,0.12002793
377775,0.120146695
377464,0.120158162
377202,0.12051272
364038,0.120918952
364184,0.121016437
372130,0.121477761
354177,0.121612736
370913,0.122025941
364278,0.122230127
374328,0.12273051
368043,0.122784146
378102,0.124209514
354831,0.12539577
370005,0.125443802
377196,0.125520557
364169,0.125688203
371926,0.125712733
365262,0.126242962
362298,0.126306203
370220,0.12639896
358472,0.127007719
363746,0.127626083
373238,0.127815818
363909,0.127868409
376811,0.127874855
373654,0.128088359
361711,0.128153918
358248,0.12820369
356949,0.128217113
371801,0.128409037
357715,0.128548725
365320,0.128624184
376995,0.128770618
357866,0.128944572
364318,0.129021043
370886,0.129447375
370899,0.129508488
376986,0.129644569
368560,0.129877989
373813,0.131015549
354603,0.131194421
358850,0.131205443
369968,0.131557877
371300,0.131735124
373950,0.131752921
372907,0.131802253
371825,0.132027743
370142,0.132403125
359377,0.133113957
372558,0.133122608
358036,0.133284342
366094,0.133806383
355909,0.134009672
370582,0.134220312
374554,0.134264495
361690,0.134598834
377037,0.134679834
357478,0.135108757
364454,0.135315822
376349,0.135347123
356742,0.135351639
365247,0.13563165
353549,0.13583936
354260,0.136082722
358593,0.13645435
374434,0.136601967
376668,0.136872927
354661,0.137072022
375618,0.137295085
364191,0.137386675
363143,0.13757299
363472,0.137707257
364717,0.137971889
360998,0.138144548
360820,0.13863136
369325,0.13868832
378049,0.13888441
356966,0.139081311
371286,0.139519086
356624,0.140006026
372962,0.140667448
368998,0.141015863
364667,0.141359045
377467,0.141801409
371601,0.14182629
358250,0.141873271
364735,0.14201266
367178,0.142669019
371407,0.14291516
363569,0.143024229
375437,0.143072818
361552,0.143838332
371299,0.143971647
367355,0.144014562
355822,0.144135841
359131,0.144356324
354609,0.144617429
368993,0.144988298
368051,0.145852158
358252,0.1459107
370560,0.146015739
353236,0.1461144
358946,0.146233717
368083,0.146281778
378380,0.146394504
365186,0.146411915
369126,0.146657158
372357,0.146875045
358834,0.147163585
375474,0.147376957
374452,0.148334121
376901,0.148546633
356246,0.149058394
358273,0.149399984
366697,0.149623997
366881,0.14975317
367731,0.149912332
365166,0.150124125
362225,0.150141153
358455,0.150673342
377952,0.150692278
359642,0.151091804
369991,0.151264235
359656,0.15128168
360652,0.151340114
367341,0.151610036
358993,0.151894448
376781,0.151918408
361839,0.152081123
352487,0.152215251
360225,0.152677852
369594,0.152794325
363767,0.152870367
366649,0.153038054
367549,0.153449418
352858,0.153460063
365310,0.15360418
357848,0.153726903
373253,0.153755066
367513,0.154655273
363788,0.154711354
369462,0.154754947
371786,0.154824184
370212,0.154931434
355791,0.155266141
367713,0.155430819
366126,0.155656613
360081,0.156681285
364186,0.15720033
355388,0.157209189
361298,0.157358834
370152,0.157791481
353032,0.157876529
376493,0.158573282
357237,0.159054448
369629,0.159407947
369996,0.159780683
376108,0.159959857
357294,0.160267193
368565,0.160646764
374732,0.160786646
367010,0.160876131
357313,0.161091291
368382,0.161096602
377652,0.161921699
359652,0.162609635
367906,0.162646814
365768,0.16285512
361295,0.163286488
369989,0.16339302
362955,0.163496276
367534,0.163525766
358229,0.163824413
366863,0.164083427
359499,0.164618392
373210,0.165166274
355566,0.165801661
376914,0.165937903
374462,0.16709155
364692,0.167131858
370268,0.168039503
354263,0.168449513
366889,0.168618836
361143,0.168767144
374770,0.168786999
367388,0.168918086
359500,0.168927317
365180,0.169072122
358235,0.16940288
361011,0.169531414
362227,0.170110867
363276,0.170311634
361843,0.170762041
365409,0.170834571
356055,0.170933093
368681,0.172327355
354662,0.172611885
375911,0.172644507
367401,0.173092148
365270,0.174091657
373835,0.17410136
370167,0.174307521
378397,0.174771698
361024,0.175128024
361000,0.175264772
375602,0.175341075
356787,0.175386037
365461,0.175747247
377303,0.176100232
362853,0.17627113
363588,0.176395126
366059,0.176404833
370900,0.176651851
367633,0.177038309
353047,0.177405434
352254,0.177931847
367372,0.17841763
367874,0.178551841
377792,0.178849189
358033,0.179396616
360567,0.179489011
356140,0.179852274
371589,0.180348853
352685,0.180670949
362871,0.180690131
365734,0.180829836
358253,0.18114054
369012,0.18124086
355795,0.181502367
361280,0.182253003
371970,0.18240824
358144,0.182553381
367550,0.182782657
366502,0.182793549
368380,0.182914952
365769,0.18313959
374140,0.183214974
360288,0.183726519
355436,0.184019046
373460,0.184107018
374126,0.184175151
354854,0.184430308
361286,0.184801165
363137,0.184936518
356632,0.185210398
371971,0.185301989
355673,0.185522986
372810,0.185683798
354413,0.185937415
375060,0.18620412
376093,0.186239441
367185,0.186360215
365589,0.186862684
361296,0.186895571
359362,0.187602506
355222,0.187768246
357116,0.187919754
355667,0.187942929
354824,0.188098223
372512,0.188286966
364109,0.18897209
373992,0.189268976
377624,0.189327441
359828,0.189795224
364193,0.189993844
378186,0.19005361
366845,0.190458831
374919,0.190971359
353209,0.191262064
367409,0.191273028
360847,0.191359081
372692,0.191468944
370902,0.191524646
371250,0.191602154
364739,0.192266296
362483,0.192909381
356303,0.193469366
354612,0.193654381
373105,0.193742735
357701,0.193880084
353213,0.19406518
373452,0.194080634
356859,0.194268601
363896,0.194312896
358616,0.194457073
375696,0.194753787
365246,0.195128288
367733,0.195278744
360037,0.195349039
355147,0.195411815
375442,0.195709764
355362,0.195945728
356601,0.19594839
357081,0.196067725
366888,0.196101427
355761,0.196144983
360018,0.196761376
365073,0.19688666
373461,0.197141036
365735,0.197334531
370569,0.197612895
354616,0.197845337
374315,0.198052088
374920,0.198235872
352866,0.199005803
360562,0.199145017
367191,0.199790415
375049,0.200004008
360292,0.20041939
364986,0.200444914
360293,0.200701246
358264,0.200751519
358721,0.201063694
377455,0.201230292
355776,0.201289173
359498,0.201441189
360058,0.201449305
375784,0.202747238
365313,0.202818124
373091,0.202853347
362153,0.202972433
374113,0.202979935
354226,0.203033199
368734,0.203348684
365420,0.20351132
375210,0.20365417
370287,0.203970363
371411,0.204666576
366693,0.204717507
369784,0.204766792
366108,0.204945372
356611,0.204953223
364195,0.204999828
372136,0.205094136
360046,0.205253639
359768,0.205400358
370538,0.205524846
357442,0.205850832
359255,0.205898824
362273,0.205905363
360997,0.206007745
367688,0.206955012
375293,0.207597016
376889,0.207835027
368416,0.208215382
370187,0.208613499
362930,0.208704852
367334,0.208972158
372683,0.209258336
373683,0.209943472
362800,0.210426622
371642,0.210572511
358063,0.210603631
358195,0.210741448
375297,0.211388985
363040,0.211602099
361589,0.211805589
371609,0.211939097
358066,0.212175098
376646,0.212322267
370125,0.212586813
365197,0.212709552
372255,0.212717193
366674,0.212911168
352472,0.213089925
375457,0.213600829
374292,0.213911765
360954,0.214347114
374330,0.214654267
358970,0.215678763
362208,0.215773574
378426,0.215953686
355757,0.216299211
366853,0.216735825
366498,0.216872462
361860,0.217120865
368246,0.217223868
365460,0.217500027
367218,0.217940411
369625,0.218160601
357695,0.218375587
372090,0.219020915
366273,0.219223905
368974,0.219617438
353059,0.220093297
367724,0.220191391
371618,0.22058045
355813,0.220584623
370382,0.220606023
375615,0.220686425
372796,0.220996306
367847,0.221317928
365415,0.221594084
364706,0.2218605
354804,0.222859136
371605,0.223857247
364488,0.223991306
367523,0.224515307
365761,0.22486839
368733,0.224925585
376657,0.225089312
356968,0.225156093
366954,0.225208219
360088,0.225715505
364020,0.225830265
353396,0.225837434
364751,0.226004374
355156,0.226046677
361001,0.226622761
361857,0.227078822
372251,0.227690973
356765,0.227970742
365269,0.228151448
369814,0.228236337
364315,0.228311348
354220,0.228480072
368675,0.228480378
372888,0.228998264
355705,0.229457531
377783,0.229610398
364983,0.229643822
366490,0.229665427
358138,0.230054454
361446,0.230091621
377797,0.230395226
369015,0.230461531
374784,0.230469192
352329,0.230687217
369279,0.230900909
354788,0.232019804
367743,0.23249742
359654,0.232524128
356300,0.232706272
357458,0.233321065
364312,0.233393588
368858,0.233584514
374758,0.235263416
376242,0.235424242
371417,0.235769351
371047,0.236170558
372569,0.236974431
355806,0.237092392
371771,0.237474714
354630,0.237694157
368518,0.238083612
365272,0.238141751
353233,0.238350264
365206,0.238385575
359134,0.238487642
354836,0.238590066
367577,0.238826094
365432,0.238832652
354790,0.239026135
355380,0.239112263
369176,0.23919977
360651,0.239471359
357107,0.239528992
361705,0.239533007
371264,0.239547349
371254,0.239672615
374754,0.240246522
364770,0.240399419
369982,0.240440249
358071,0.240479684
359653,0.240750454
373467,0.241248283
358481,0.241289417
357702,0.241396007
356407,0.241520037
372309,0.241670255
362953,0.24171928
358207,0.241758557
355756,0.24216355
372231,0.242328861
357682,0.242420603
359477,0.242499942
365195,0.242890364
369465,0.243394897
359607,0.243708254
357497,0.243807293
359610,0.24442047
352686,0.245096476
361450,0.245363081
356629,0.245811157
372689,0.246265012
374939,0.247038506
357233,0.247313267
366662,0.247460089
357089,0.248285246
367392,0.24863238
360516,0.248829203
362285,0.249142942
364041,0.249878743
352497,0.250186391
371655,0.250488385
377639,0.251063418
375601,0.25111368
371636,0.251268188
356037,0.251725042
365383,0.251969597
355724,0.252141708
354446,0.252273551
358001,0.252662437
363918,0.252916188
376906,0.253295891
358977,0.253867985
376123,0.254018435
373958,0.25401929
371393,0.254109672
374913,0.254171378
366689,0.254461376
359244,0.254784597
364200,0.255323385
364289,0.255855556
353545,0.255937608
363770,0.256066357
354810,0.256190255
365888,0.256253708
364176,0.256275585
378403,0.257175844
361303,0.257315456
361118,0.25760736
353248,0.257793675
356484,0.257946156
354619,0.258591376
369815,0.259126383
355426,0.259347056
363905,0.259458022
371832,0.259720205
352700,0.260063977
370155,0.260334369
373245,0.260981643
368573,0.261036554
362458,0.261104386
353847,0.261190083
357862,0.261772652
364601,0.26244917
378223,0.262707957
371625,0.262990524
370370,0.263274187
367201,0.263581261
378094,0.263860409
375463,0.264222894
361137,0.264322471
356884,0.264434507
374630,0.264525785
378239,0.264691911
369192,0.265043098
358214,0.265148364
375478,0.265193444
376980,0.265197335
378027,0.265198807
376348,0.26540015
362472,0.265842501
368214,0.266355177
374419,0.267182521
370134,0.26835383
355403,0.268718291
358849,0.269638217
364694,0.269899634
364597,0.269933913
373814,0.270410053
352704,0.271023753
358708,0.271071156
356763,0.271331847
358008,0.271433579
377333,0.271724007
362242,0.271739826
357677,0.271908927
359837,0.272571489
376226,0.272602358
354447,0.272705193
369818,0.272735802
361020,0.272985035
359863,0.273189513
368680,0.273601236
352696,0.274140693
371270,0.274868142
358281,0.275002587
374426,0.275007985
356918,0.27543979
362490,0.276201272
357124,0.27644734
374918,0.276590712
372806,0.276865791
355392,0.277552785
373384,0.278008908
358430,0.278701697
363753,0.278747376
365001,0.278808661
372109,0.27887722
358222,0.279215803
357086,0.279245549
359674,0.279524103
358064,0.280113988
366524,0.280142626
368658,0.280216002
360558,0.280601411
364666,0.280666249
353494,0.280808575
355420,0.280916029
368728,0.281247762
365429,0.281659124
375913,0.281776184
360286,0.282206111
360583,0.282282349
366207,0.282627519
372765,0.282708077
358054,0.283015766
365569,0.283105735
366872,0.283128408
367885,0.283147369
360386,0.283599223
376885,0.284791914
365863,0.284809621
368930,0.285116275
360649,0.285163408
372701,0.285619793
377361,0.285637252
365756,0.28643695
366688,0.286591983
375610,0.286607905
365621,0.286986969
369430,0.287151219
378103,0.287322335
363895,0.287731516
358605,0.287937332
353579,0.288079175
378395,0.288295858
373896,0.288387187
364693,0.288481837
364624,0.288796722
376911,0.289512421
357892,0.289703713
357115,0.289728125
366683,0.28983722
368389,0.289935561
369294,0.290017228
364673,0.290120252
372657,0.291191087
365889,0.291557581
377203,0.291615487
363138,0.291689924
367744,0.291781522
377777,0.292083578
371267,0.292403072
363149,0.292423873
367894,0.292442402
365322,0.292790837
366265,0.292824111
373243,0.292960976
371571,0.29300692
355815,0.293395692
374134,0.293527684
359469,0.293651716
355428,0.294045729
359668,0.294140507
376897,0.295008732
370523,0.295361521
365910,0.296164013
357489,0.296199062
367019,0.296204395
369014,0.296484074
354679,0.296712244
358030,0.296774657
360985,0.296794928
371292,0.297225292
375889,0.2975362
377774,0.297976842
366090,0.297980084
360563,0.297992528
356424,0.298157244
357502,0.29816242
359268,0.298198198
366831,0.298372169
357656,0.300110391
365733,0.300295678
359084,0.300323499
377320,0.300733655
368602,0.300835719
376658,0.300908018
369302,0.301818664
371076,0.302078731
364307,0.302354857
372770,0.302467559
357885,0.302645849
371360,0.302785558
355810,0.302959818
357506,0.303392525
359247,0.303425545
361436,0.303546124
365904,0.303785321
372782,0.304020873
372222,0.304103196
376091,0.304130853
362171,0.304133929
369460,0.304502897
365407,0.304633588
364705,0.304752235
370731,0.30554355
357090,0.305547741
359941,0.305588643
366709,0.305764137
353388,0.305771782
374757,0.305838419
364261,0.305990951
362002,0.30629946
357106,0.306984863
354239,0.307756281
372704,0.3077653
367892,0.307834695
372570,0.307967717
359841,0.308474792
360654,0.308811185
362733,0.308851896
373369,0.308913978
373442,0.309282083
368258,0.310457934
376873,0.310469019
363304,0.310648097
357706,0.310887826
368582,0.311035218
375471,0.312077819
357699,0.312267371
357870,0.312406444
366519,0.312407308
365753,0.312425984
365387,0.312516167
374620,0.312975284
367222,0.313126533
359852,0.313507449
372310,0.313527097
354834,0.31372832
360979,0.313857591
359506,0.313908774
357274,0.314053303
377157,0.31451222
353865,0.314526576
373932,0.31488718
356314,0.315446019
378401,0.3155974
371550,0.315621083
353033,0.315960144
355429,0.316196026
358421,0.316612778
377767,0.316681757
373111,0.31671796
354814,0.316727793
369193,0.317674333
366517,0.317814791
370141,0.318128964
371402,0.318374962
361778,0.318395577
365869,0.318782845
374074,0.31945936
356068,0.319732405
369825,0.319876786
356058,0.319962028
358434,0.320031691
353413,0.320040861
363345,0.32055079
361408,0.322209097
362851,0.3223367
368730,0.322848827
352492,0.323149131
371796,0.323405619
355375,0.323858987
374320,0.323973273
378215,0.324144016
374608,0.32446076
360279,0.325526673
355525,0.325572676
370168,0.325628591
362866,0.325658385
371957,0.325662123
356781,0.325908347
355916,0.326245129
364698,0.327904422
355557,0.328049936
375053,0.328209471
361292,0.328221606
357888,0.328445485
368099,0.328829759
357700,0.328835163
369452,0.328892098
377964,0.329340968
377648,0.329749718
357321,0.329762924
369431,0.329859157
368601,0.329944445
364189,0.330010365
358841,0.3302023
372129,0.330503371
369005,0.330515749
354942,0.330797304
355434,0.330887395
360053,0.330981608
369022,0.331119439
371627,0.331176812
357261,0.331318926
367846,0.331473892
356384,0.331573567
378075,0.331716491
370907,0.331799773
363902,0.332565829
374302,0.332587184
378229,0.332811139
354254,0.332965363
373996,0.333164303
374114,0.333414457
369971,0.333443719
367914,0.334000366
377480,0.33402981
358228,0.334275977
359201,0.33436187
373446,0.334685893
361160,0.334979366
374115,0.335150159
366259,0.335344487
376669,0.335968685
366242,0.336111755
366081,0.336306264
373232,0.336318785
359658,0.336462216
365414,0.336616193
370712,0.336901064
370817,0.336928434
358819,0.337366483
361866,0.337830186
376478,0.338006036
369975,0.338124937
360846,0.338158216
376908,0.338345601
360648,0.338350384
360396,0.339253543
368383,0.339332356
368395,0.34008439
358968,0.340415062
366980,0.340615857
366978,0.340950082
371795,0.341062527
352307,0.341287318
371520,0.341471226
367425,0.341608595
376092,0.341960258
356608,0.342023049
359141,0.342040857
360593,0.342121999
358044,0.34228225
354015,0.342372116
375776,0.342420559
375408,0.342904938
374294,0.342947213
369992,0.343431942
360591,0.343591117
365909,0.343619314
357705,0.343670242
371599,0.343688378
378304,0.343932715
352253,0.34425977
369456,0.344632436
367360,0.34512453
365410,0.345702047
362864,0.345781949
367545,0.346028746
374903,0.34605615
360015,0.346308635
375063,0.346348946
354432,0.347052618
372099,0.347897573
352880,0.347926533
378230,0.348378435
376336,0.348557067
367176,0.348584263
369028,0.34874998
356589,0.348769784
361144,0.348922467
367544,0.349102726
358470,0.349149296
356630,0.349372795
355814,0.349397526
366799,0.34966168
352291,0.34972161
365439,0.349725351
363751,0.349745972
371634,0.349901207
368084,0.350063494
368729,0.352055588
353568,0.352234417
354828,0.352384591
369904,0.352710835
375178,0.353158454
376232,0.353600593
358911,0.353705594
376909,0.353715055
363158,0.354098455
360282,0.354243025
375557,0.354332304
368547,0.354565506
372248,0.354768535
370919,0.354873914
371106,0.355366608
352670,0.355372188
371271,0.35539215
370697,0.35540521
360923,0.355656592
369949,0.355948497
374402,0.356047702
377364,0.356363509
367558,0.356611953
370736,0.356633195
362247,0.356634338
361836,0.356770448
356311,0.356824696
364780,0.35695514
373972,0.357045211
372874,0.357251958
366960,0.357793743
374904,0.358159026
367174,0.358601044
361291,0.358623987
377476,0.359393401
367279,0.359580411
364045,0.360052848
364468,0.360148359
358604,0.360400015
358258,0.360617413
376618,0.360737582
359142,0.360910682
357466,0.361004971
353540,0.361193115
358242,0.361272515
363131,0.361319102
362154,0.361367632
365265,0.361652285
363337,0.361710403
373987,0.36173985
353586,0.361765176
366953,0.362437766
372879,0.363036618
361285,0.363088776
367379,0.363213545
353415,0.363430198
358733,0.364163402
366089,0.364430391
358960,0.364879532
358989,0.365135332
366243,0.365432011
358268,0.365655953
377451,0.366343605
367851,0.366350043
364223,0.366720583
364033,0.366720733
377213,0.367066147
366975,0.367235862
368212,0.367426583
358835,0.367737984
365413,0.368007927
377353,0.368154044
376495,0.368558317
371930,0.368664482
367929,0.368675254
371797,0.368763113
368853,0.368908177
363580,0.369007177
356165,0.370203331
363476,0.370605801
357490,0.371151907
367559,0.371306646
368832,0.371364111
367692,0.371744162
360391,0.371924191
368585,0.372619296
357856,0.372752212
361580,0.372779091
357302,0.372940158
366928,0.372995377
370144,0.373245655
354569,0.373440997
366977,0.373664038
364148,0.373833373
355091,0.373845423
361152,0.373879686
368077,0.374049567
359260,0.374142556
373650,0.374459402
362136,0.374585662
354442,0.374650548
378391,0.3748375
367564,0.374859881
376358,0.375120024
365445,0.375404956
356773,0.37558408
362481,0.376011164
374765,0.376351352
376667,0.376559898
368405,0.376686863
373966,0.377215046
361284,0.377618472
354966,0.377637063
376861,0.377898802
353205,0.377956264
367588,0.377972093
359946,0.37807951
371978,0.378382678
371401,0.378545661
367900,0.378611235
370232,0.379124724
364467,0.379298141
371066,0.380180246
370561,0.3809233
354837,0.381228201
353848,0.381382025
364702,0.381911255
371588,0.381911692
365892,0.38224122
369961,0.382498208
377642,0.382645804
373088,0.38340633
369252,0.383468359
377358,0.384013371
377922,0.384014089
363130,0.384596593
368578,0.38461561
367727,0.384974311
378428,0.385517253
376900,0.385554357
362848,0.385913398
374308,0.38596589
352654,0.386191743
366964,0.386412787
376109,0.386770149
365424,0.386777579
356752,0.386812612
357693,0.386999291
376299,0.387277701
354821,0.387377471
354013,0.387573069
357447,0.387948595
370137,0.38810686
373674,0.388366376
362855,0.388399563
365902,0.388406245
364470,0.388586374
361845,0.388701679
356034,0.38892345
372909,0.389131329
360989,0.389355967
369154,0.389692625
373114,0.389819466
373095,0.39000535
353220,0.390404043
357341,0.390608905
371628,0.391215008
367381,0.391297915
375209,0.391501853
358588,0.391763516
374601,0.391918093
364495,0.392292083
367020,0.392342096
362736,0.392587339
368660,0.393198068
368047,0.393444798
362916,0.393606716
357100,0.393791281
366686,0.393955837
373933,0.394145869
361854,0.394273153
355556,0.394466118
358300,0.395067672
366085,0.395399497
354911,0.395417252
365619,0.395530681
363145,0.395688181
354618,0.395718643
356016,0.395810794
367187,0.396200511
369972,0.396925558
369469,0.397146706
354428,0.39751327
364484,0.397872605
363167,0.398510713
368747,0.398967835
357717,0.399093874
375617,0.399362702
370843,0.399837628
355729,0.399863353
360400,0.40000156
363023,0.400403096
354669,0.400471604
376110,0.400919712
366511,0.401119589
352691,0.401335083
358442,0.402628871
354465,0.402694211
375782,0.402868928
356605,0.403064546
370554,0.403286482
354943,0.403291802
360231,0.403664273
359781,0.404386325
362142,0.404415602
371950,0.404613013
369984,0.404866795
367212,0.404873585
353592,0.404915009
372245,0.404931337
354813,0.404944276
368407,0.405069834
376653,0.405174591
361158,0.405213186
372811,0.405360091
360584,0.405551277
367889,0.406408775
374127,0.406436619
372451,0.406698084
378076,0.407199486
376836,0.407306891
359269,0.407380429
371016,0.407502936
355376,0.407790288
373362,0.408039373
360041,0.408856467
375470,0.409100565
364304,0.409608467
369332,0.409771754
368081,0.409891175
355361,0.409936982
359390,0.409953248
364455,0.410114435
360072,0.410190932
358037,0.410403805
371275,0.410655526
367420,0.410673395
363441,0.411059328
360078,0.411323932
377601,0.411434421
369441,0.412113008
355386,0.412244404
353566,0.412481511
374756,0.412543898
367411,0.413013948
367872,0.413034939
361574,0.413272094
357455,0.413649148
365438,0.413842876
356195,0.414534755
356745,0.414567475
373257,0.414770701
375774,0.41516626
359857,0.415330662
362152,0.415766519
368716,0.415859662
365468,0.416054313
367358,0.41691488
372903,0.417746556
361559,0.417774971
372201,0.417785414
368902,0.418330574
373476,0.418570932
352337,0.418644928
373112,0.419195424
354262,0.419412445
375763,0.419765822
354818,0.419862996
373675,0.419881514
362450,0.420001652
354930,0.420092482
359467,0.420278982
356156,0.420368544
354759,0.420419719
375197,0.421023707
374624,0.421180848
355364,0.422403752
353589,0.422407496
374551,0.422711013
369296,0.422735434
376679,0.422859951
353234,0.423019028
366275,0.423270429
368066,0.423607233
364150,0.424040068
361835,0.424203638
354628,0.424376824
374776,0.424676126
370711,0.42468564
355555,0.424992877
367567,0.425442434
373667,0.426004861
371071,0.426300877
359945,0.426553277
369630,0.426706104
373443,0.42698306
374325,0.427050671
361570,0.427235406
364321,0.427381298
368819,0.427522796
352298,0.42761387
361550,0.427753266
377497,0.428059579
370557,0.428479315
361002,0.42870322
354223,0.42875406
366838,0.428926556
358621,0.428952047
369792,0.429464903
370743,0.429655649
357304,0.429691999
361278,0.429779348
371037,0.429844249
362858,0.429903724
376049,0.429910881
377857,0.430376503
358432,0.430656838
361302,0.431112379
356969,0.431384354
358239,0.432224396
370889,0.432287339
365448,0.43237081
375282,0.43258389
359487,0.432934079
354973,0.432971152
377628,0.433228548
361581,0.433730385
367383,0.434228189
357327,0.434588194
362934,0.434643531
372958,0.434682425
365559,0.434810617
364452,0.434972602
352330,0.435024316
355347,0.435235269
376088,0.435258503
358167,0.435501679
374107,0.43616961
360388,0.436607866
377473,0.436754597
354407,0.437166099
363455,0.437217184
368852,0.43725337
374122,0.437363914
371963,0.438202352
364610,0.438258911
364303,0.43837792
377793,0.438563582
357841,0.438645716
358726,0.438787943
355755,0.439081536
371624,0.439481104
355827,0.439880884
369604,0.439943373
375265,0.440206678
365704,0.440507114
353386,0.440701646
372352,0.440780711
373657,0.441085749
374305,0.441198734
361837,0.441220404
370707,0.441297464
368709,0.441391541
361689,0.441496804
368139,0.441883904
369007,0.441913817
372914,0.442166323
356429,0.44238358
360577,0.442411679
362479,0.4425839
376979,0.442648926
361592,0.442663282
363339,0.44294262
376887,0.443290801
371379,0.443388494
367578,0.443659734
372893,0.443980052
361864,0.444384853
374769,0.444810477
370369,0.444828891
364023,0.445462364
361015,0.44563348
368827,0.445906353
370384,0.445958427
358828,0.446939398
373392,0.446978317
371406,0.447094048
360147,0.447144413
352503,0.447895244
359737,0.448003823
360069,0.448082209
375051,0.448185103
367871,0.449207707
377479,0.449632209
377472,0.449697009
359959,0.449922203
360263,0.450334309
353879,0.450655143
355548,0.450854024
367213,0.450874441
354970,0.451502257
352705,0.45168788
361998,0.452262425
375185,0.452768908
366847,0.452818948
369432,0.453024648
363346,0.453518081
370719,0.453739672
356409,0.45525535
373672,0.455286189
356305,0.455341617
361273,0.45556197
372358,0.455799469
359925,0.455855375
374172,0.455871617
368038,0.456095895
367903,0.456142011
373436,0.456260487
353823,0.456279301
361859,0.457381421
372261,0.458054447
364724,0.458186447
358298,0.458501885
354045,0.458783349
363900,0.458839037
361445,0.459449565
364778,0.45961613
355716,0.459705502
360062,0.459962094
369121,0.460108194
361266,0.460599665
369029,0.460699339
352819,0.460904902
377607,0.461021645
372328,0.461096606
371062,0.461309239
376227,0.461427982
362947,0.461467925
358601,0.461617972
359638,0.461794756
371620,0.462027551
352484,0.46204576
372781,0.462118257
366680,0.462302358
357858,0.463100373
364323,0.463939732
377778,0.464340316
355772,0.465075902
367198,0.46513406
352680,0.465135641
360085,0.465390612
374632,0.465968559
364592,0.466026259
357303,0.466498281
357874,0.466535268
365588,0.466549739
363774,0.466744416
373964,0.467019747
353077,0.467342095
365875,0.467390275
355737,0.467421747
359785,0.467678046
373271,0.467775132
353890,0.468089499
354604,0.468135196
357468,0.468252752
356736,0.468768487
363328,0.468797436
364603,0.468853368
360029,0.469197915
354819,0.469226746
366982,0.469489824
368167,0.470049541
367380,0.470088882
355424,0.470441083
352312,0.470513625
357292,0.470568764
372804,0.470911111
357712,0.47119704
376476,0.471244534
362715,0.471405123
365244,0.471936383
353376,0.472578743
369474,0.473133645
374131,0.473485861
356372,0.47412201
371069,0.474170914
370539,0.474354363
358280,0.474522478
376881,0.475508237
364464,0.475746159
368401,0.475943045
355402,0.477307355
359398,0.477535026
370219,0.477535841
358034,0.477555214
363756,0.477746162
353843,0.477931194
369024,0.478164778
367562,0.47862157
359848,0.478642342
369965,0.478688657
374303,0.478796445
365558,0.478943758
360814,0.479330093
354633,0.479560292
369328,0.47964186
369986,0.479946549
375203,0.480690352
355740,0.48158756
354670,0.481672225
357291,0.481781857
358837,0.481836257
352692,0.481998244
367016,0.482160772
369306,0.482939136
354440,0.483006466
361545,0.483458578
367524,0.483611928
371288,0.483645462
377349,0.484345131
356248,0.48440136
357318,0.484910379
354629,0.48543822
359468,0.485782069
363571,0.485822772
373670,0.486700161
377457,0.487279026
360521,0.487506754
364687,0.487633123
359762,0.487704004
357482,0.48779882
378245,0.487959549
361145,0.488004518
355545,0.488055914
364670,0.488162435
374731,0.488465296
365271,0.488574654
355171,0.489067226
359365,0.489259647
367704,0.489392912
369336,0.489526867
373391,0.489754349
375450,0.48976164
373275,0.489985333
359339,0.490000406
363590,0.490902657
364964,0.490955139
358626,0.491058386
370547,0.491121651
367234,0.491674212
367703,0.491763986
373931,0.491926168
355546,0.492399961
377962,0.492580881
365587,0.492695621
365731,0.493381913
364729,0.494041585
370230,0.494275104
363157,0.494496263
354968,0.494594401
377356,0.494630593
373124,0.49468017
358740,0.494728369
373109,0.494757091
377459,0.494961634
364163,0.495243492
375919,0.495768811
371260,0.495931593
375312,0.496214086
362914,0.496447402
373252,0.496603421
374593,0.496673741
353875,0.496868276
368701,0.496925658
361986,0.497097243
367648,0.498793037
364728,0.49897234
357861,0.499725174
365430,0.499772602
369468,0.499789955
374610,0.499867184
369944,0.499932841
368259,0.500079094
363034,0.500295004
374741,0.500505069
354625,0.500637831
368673,0.500782843
370223,0.501026122
370703,0.501082199
364926,0.501372275
364332,0.501808843
364599,0.502009736
366682,0.50249624
373475,0.502534348
364460,0.502755482
361594,0.502949408
372533,0.503500162
368234,0.504297178
355146,0.504653359
363712,0.504669149
366631,0.50474978
355540,0.504884355
355389,0.504957474
375605,0.505037548
375609,0.505075585
358975,0.505137246
356220,0.505459117
364011,0.505699635
357295,0.505979023
373684,0.506270123
376335,0.50631058
356403,0.506752054
368286,0.506845428
376339,0.506908205
365436,0.507301137
357526,0.507329222
355198,0.507528493
366491,0.507592096
364715,0.507785058
357209,0.508678383
362952,0.508709234
362891,0.509236598
370221,0.509424114
372112,0.510385073
366064,0.510580002
373967,0.510802215
375751,0.511328933
371810,0.511543382
369486,0.51180002
360655,0.512138408
368723,0.512343853
359954,0.512676239
376904,0.512828584
367378,0.512919111
366654,0.513507243
376825,0.513790361
365207,0.513821825
352476,0.513964428
362015,0.514044703
355521,0.514336525
359777,0.51442911
373213,0.514470104
374908,0.515081515
360610,0.515343696
356950,0.515697428
363584,0.515777075
355561,0.516103305
367556,0.516159593
366993,0.516346169
370578,0.516610005
375932,0.516723366
352342,0.517006367
370880,0.517046851
353582,0.51741476
365163,0.517914301
371072,0.517981225
370165,0.51840363
367709,0.519114195
356043,0.519182442
359633,0.519594879
358479,0.519612871
376905,0.519777264
364299,0.51993241
354258,0.520305399
376999,0.52035818
361162,0.520481729
376882,0.520708622
359126,0.520724573
357817,0.521420585
359110,0.521497638
356792,0.522116829
372263,0.522276373
359947,0.522350793
377640,0.52238247
366855,0.522515018
367730,0.522827016
375858,0.522967
377498,0.523361947
371369,0.523398207
370286,0.523511135
353867,0.523640376
353072,0.5242343
365884,0.524254937
358048,0.524370404
354944,0.524440796
371291,0.524540267
360529,0.524816597
369473,0.525229731
361577,0.525414845
358471,0.525754919
363695,0.525887639
361976,0.525894677
367723,0.526023207
358717,0.526126089
377449,0.526180619
359393,0.526430173
375792,0.526514614
369421,0.527611518
372787,0.527817452
365249,0.527820064
368550,0.528013881
373217,0.528598745
364703,0.528668152
375791,0.528751152
357066,0.528773545
369153,0.528789866
374500,0.528824171
361433,0.528845839
359636,0.528910005
373473,0.529680919
361692,0.529819947
358197,0.530686009
352715,0.530921329
360843,0.531057374
366957,0.531339372
376932,0.531373499
370518,0.531631151
362859,0.532247843
371990,0.532358737
362478,0.532366797
365890,0.533019251
353243,0.533219875
363128,0.533714851
369021,0.533962662
360812,0.534062698
355215,0.53464286
357628,0.534790481
377927,0.535051979
373070,0.535292439
363780,0.535504567
364015,0.535550699
358731,0.535722123
356405,0.535792884
370709,0.535880765
371083,0.5358895
374777,0.536091103
355522,0.536391075
372891,0.536546184
372767,0.536725929
372329,0.536926217
371983,0.537344619
357692,0.538364175
353404,0.538683726
377371,0.539119739
356050,0.539183183
372345,0.539598143
369597,0.540029557
367223,0.54019488
354792,0.540359669
364447,0.540431041
353560,0.540730422
361698,0.540990612
353366,0.541229247
362287,0.541232894
373435,0.541235229
368996,0.541470012
357457,0.542082104
364135,0.542152718
356054,0.542464526
366672,0.542475326
376810,0.542856708
371295,0.543293885
378427,0.543365482
357456,0.543396634
378231,0.543633482
372788,0.543634024
376500,0.543639725
356307,0.543712008
371293,0.543786578
377428,0.543992171
367557,0.544408545
361710,0.544429858
355800,0.544469143
369542,0.544835174
365782,0.544974158
356014,0.545103133
370140,0.545211681
367568,0.546272536
358462,0.546580217
369962,0.547128343
354040,0.547676215
365008,0.548120657
367589,0.548145096
371781,0.548154885
372541,0.549371559
370260,0.54954523
371829,0.550155376
367548,0.552503622
373673,0.553153578
376511,0.553203459
358622,0.553312939
356628,0.553316153
357079,0.553598093
361123,0.553983284
367591,0.554029508
356188,0.554052222
355542,0.554064734
360559,0.554136895
370931,0.554654758
360074,0.554676361
366962,0.554684112
353074,0.555036145
366700,0.555134248
370579,0.555312063
374738,0.555574701
377372,0.555908418
353359,0.556673908
368406,0.556716553
354668,0.556799939
364035,0.557087802
374293,0.557441557
368404,0.557509553
371363,0.557931778
363862,0.558879952
357278,0.559062172
374615,0.559152147
368568,0.559192467
358847,0.56030236
377478,0.560390925
359759,0.56046043
358457,0.560554655
366873,0.560901954
357499,0.560950216
353825,0.561110188
367390,0.561333272
354212,0.56143883
367393,0.561609615
368850,0.562168196
356599,0.562654913
377615,0.562844752
377784,0.564225159
370588,0.564342034
352857,0.564600118
377186,0.564606595
360600,0.56467835
370580,0.564952852
365004,0.565104155
371984,0.565112302
371992,0.565932318
366976,0.566167459
374926,0.566196272
355793,0.566271479
359774,0.566296491
371614,0.566430698
367221,0.566493318
366247,0.566777806
359491,0.566820066
360250,0.567388717
372339,0.567538147
355570,0.567687635
367302,0.568233399
353855,0.568404378
367232,0.568613935
361707,0.569321089
368835,0.569342929
356924,0.5693565
370925,0.569473343
372792,0.569571628
359536,0.569734755
364008,0.570071989
371091,0.570115214
361308,0.570850387
361018,0.571077842
364672,0.571159288
357290,0.571373475
373260,0.571979987
374125,0.572264896
358480,0.572515404
369957,0.572794904
355900,0.572813537
365800,0.572820905
363776,0.572823801
360090,0.573031906
365885,0.573423728
370570,0.573580542
370926,0.573601736
352480,0.573623847
353201,0.574073675
353541,0.574897755
366109,0.574973731
359731,0.575571347
366504,0.575672704
377482,0.575753862
360849,0.57598159
372546,0.576071965
361021,0.576309883
354238,0.576317017
353569,0.576589982
369313,0.576668459
357216,0.57672078
376894,0.576835511
375916,0.577437391
369993,0.577625804
361010,0.578155457
371068,0.579024628
360588,0.57962726
368588,0.579685251
375909,0.579760596
352693,0.5799293
369303,0.580200515
366088,0.580565328
360039,0.581417362
367007,0.581599919
353864,0.581807048
358453,0.581891279
354431,0.581946243
353065,0.582250861
367590,0.582891363
353383,0.583487999
367922,0.583611518
358220,0.583646173
356018,0.583686857
360077,0.583922677
366239,0.584128778
365253,0.584929851
376867,0.585301697
369970,0.585309664
366257,0.58553989
354453,0.585765306
359382,0.586043615
354622,0.586103624
374329,0.586203884
374915,0.586751726
354947,0.587081495
366678,0.587405517
360094,0.587625946
378406,0.58766818
354402,0.587699709
372887,0.587850069
366684,0.588138218
378067,0.588461488
354435,0.588843589
359767,0.589334329
358568,0.589508741
356075,0.589584965
359771,0.589615943
370255,0.589780088
367017,0.590125236
369429,0.590538499
368825,0.591818515
352870,0.592246682
363740,0.592294212
366691,0.592304055
357658,0.592659933
357119,0.592819385
353407,0.593314627
374425,0.593456635
362727,0.593808305
354596,0.593858033
362233,0.593873689
361117,0.594336804
375304,0.594510405
368187,0.59451367
355672,0.594827718
378379,0.595438084
372320,0.595622159
354061,0.596108175
365582,0.596572302
357521,0.596610235
375174,0.596933021
371283,0.596967155
364788,0.597329277
355379,0.597485961
363341,0.597788176
374713,0.597885475
366973,0.59803555
370749,0.598082715
358454,0.598332476
372164,0.598474935
354643,0.59859892
371649,0.598643143
359657,0.598698669
372351,0.598974547
369321,0.599704054
361025,0.599715131
371078,0.599927319
366002,0.599974201
363032,0.600253404
354024,0.600343126
368970,0.600569419
377360,0.600635821
356249,0.60113568
371960,0.60130978
352683,0.601375458
368071,0.601396164
363317,0.601451184
359680,0.601593468
365565,0.601749353
359121,0.601822219
353399,0.601857466
369956,0.602331888
359220,0.602793333
367394,0.603349294
360492,0.603643815
367844,0.603777893
353041,0.603840179
352465,0.604757732
360393,0.604867881
368291,0.604891128
363868,0.605354639
358276,0.605427504
354229,0.606188939
375754,0.606316091
358233,0.606575839
356734,0.607296035
372882,0.608159184
366202,0.60844751
357109,0.608504422
367877,0.608559479
369478,0.608663936
365732,0.608905524
366116,0.609220687
356399,0.609352743
376879,0.609612492
358410,0.609929842
362207,0.610053143
361989,0.610905851
370282,0.611876958
361865,0.612135069
358211,0.61216082
357445,0.612310362
375562,0.612607432
355780,0.612696765
357095,0.612761694
369794,0.613589736
359856,0.614119444
352309,0.61440716
375910,0.614692517
372137,0.614702056
372904,0.615105794
366250,0.615329874
358974,0.615506421
369146,0.615907856
363152,0.61594849
361715,0.616006448
378237,0.616435414
357281,0.616736324
359675,0.616902264
362296,0.616991084
371092,0.617098662
364496,0.617237812
372802,0.6173846
359263,0.617904496
371617,0.617920867
369959,0.618235463
377647,0.618320237
357262,0.618331646
355538,0.618624767
355899,0.619112691
368676,0.619160633
360991,0.619358172
373373,0.619581308
364012,0.619748531
373218,0.620014177
364639,0.620075341
371961,0.620223605
358456,0.620251574
367228,0.620335112
354667,0.621599689
358725,0.622228434
367742,0.622230138
370591,0.622273708
371060,0.622381726
376877,0.622698485
372359,0.623069796
357567,0.623639014
363039,0.623650202
377338,0.623718969
375778,0.62372552
372252,0.623882037
356411,0.62395158
359950,0.62434389
352684,0.624402767
366668,0.624563468
375920,0.624987276
369300,0.624994012
368281,0.625118395
364286,0.625510194
359481,0.625837595
355731,0.626018362
375369,0.62649399
361277,0.626637707
360233,0.626662233
374734,0.626914896
376446,0.626929271
354573,0.627097824
378078,0.627166581
360082,0.627995961
372247,0.627997672
358846,0.628910043
354935,0.629819969
368863,0.630009695
356644,0.630827149
355901,0.631238832
360249,0.631438109
364669,0.63183236
360653,0.632084074
356783,0.632398018
361299,0.632889512
358769,0.633164522
376502,0.633333495
352872,0.633660881
377791,0.633893368
364689,0.633919075
373182,0.635230416
353394,0.635902947
357852,0.636148691
368041,0.636598897
364993,0.636604911
355382,0.636946835
373991,0.637009649
353870,0.637113379
364709,0.637252508
356173,0.63733619
364743,0.63743112
373971,0.637485014
378060,0.638037813
363477,0.638527221
370718,0.638776893
364779,0.63917072
357320,0.639272907
356749,0.639826021
363764,0.640343711
360789,0.641045539
360281,0.641150539
358996,0.641341342
368091,0.641446638
357319,0.641470812
354799,0.64189332
368953,0.641934473
358983,0.642298596
368739,0.642536059
365447,0.64331314
377627,0.643327821
353571,0.643410342
369442,0.643577692
370906,0.643695189
361442,0.644151311
353405,0.644358911
355911,0.644636875
372793,0.644639475
358451,0.644703524
362074,0.644807824
361565,0.644991223
371962,0.645011095
355789,0.645081684
354959,0.645416725
369550,0.645640797
355221,0.645894497
365295,0.646360849
357300,0.646829446
371082,0.647136587
369337,0.647539246
368053,0.64760823
374123,0.647810546
367391,0.648157921
356637,0.648211442
373773,0.648243119
376100,0.648360982
371408,0.648732453
359819,0.64909082
359369,0.649212787
362850,0.649297064
371415,0.649363135
358026,0.649447602
369807,0.649756571
353056,0.650036925
368429,0.650192055
368418,0.65020259
377205,0.650463476
355404,0.650802999
374622,0.651172965
372341,0.65119608
364994,0.651930609
365457,0.652004549
377632,0.652086107
355915,0.65246671
378377,0.652803937
364458,0.652838492
365384,0.653008068
374446,0.653377566
376102,0.653843957
375780,0.654087787
372324,0.654162085
354256,0.654204193
355183,0.654204739
355501,0.654342949
364612,0.654379225
364898,0.654630268
368269,0.654786883
365208,0.655333597
354178,0.656281701
357092,0.657651754
356639,0.657830003
355150,0.657936685
375299,0.657980565
369018,0.65808129
362151,0.658692468
362468,0.658768112
371815,0.658791814
370818,0.659005779
360786,0.659190842
367364,0.659464764
367546,0.659883029
370924,0.659974758
377651,0.660269598
355519,0.660758261
369980,0.660780534
377490,0.660852197
361437,0.660974048
356313,0.661189668
369795,0.66124539
356422,0.66218321
369983,0.662656116
364047,0.663233683
376355,0.663502852
378388,0.663665774
367205,0.664286789
371420,0.664581441
356229,0.664633159
352888,0.664729771
352877,0.664989249
360854,0.665125634
359376,0.665283444
371598,0.665900366
356120,0.667000752
359384,0.667208582
370576,0.667626084
352507,0.668468886
360049,0.668488002
355725,0.668690578
371604,0.668842165
361146,0.669659195
373378,0.670541778
376920,0.671148281
360990,0.671206923
358980,0.671676398
363682,0.67202504
371826,0.672311724
361867,0.672368832
352332,0.672480155
370592,0.673280005
356315,0.67413507
374824,0.674617999
369606,0.674813359
372332,0.675015656
368058,0.675404185
363738,0.675786846
367891,0.676030783
368264,0.676233424
366716,0.676262349
364252,0.676397171
375436,0.676720336
364767,0.676891089
367899,0.676961661
377786,0.67724186
363036,0.677556553
374146,0.677831198
353083,0.678031627
373685,0.678443811
361996,0.678595846
354613,0.679399423
353231,0.679444437
361141,0.680279151
357122,0.680420047
352886,0.680904249
355216,0.681001319
357788,0.682091807
378303,0.682433975
359116,0.68244073
358987,0.682517524
378381,0.683165471
354565,0.683378867
368437,0.683631027
353851,0.683748329
367180,0.683877531
358029,0.683965129
368097,0.684118838
356962,0.684315483
377001,0.68484108
355549,0.685403581
370734,0.685854279
372264,0.686055151
359143,0.68612063
355773,0.686656843
362488,0.686699278
372230,0.687122313
352557,0.687489314
354951,0.687512372
371610,0.687735425
373983,0.687938901
354048,0.688039657
354971,0.688392804
366526,0.68854586
366663,0.688696787
355812,0.689021873
377738,0.689690476
367925,0.689723692
360066,0.690312006
365728,0.690596259
370695,0.690745526
373949,0.690829981
371265,0.691182662
371404,0.691211188
372131,0.691977668
373344,0.692089348
370909,0.692474997
367004,0.692507409
370896,0.693120813
368267,0.693335569
357519,0.694274499
359373,0.694829155
374456,0.694861475
377796,0.694910985
361721,0.695434686
363439,0.69544659
376638,0.695878062
360235,0.69603869
356288,0.696282329
372896,0.696530617
363684,0.696594332
368260,0.697002969
360825,0.69767766
354778,0.698010511
358192,0.698040361
375171,0.698193413
373796,0.698422804
364748,0.699104043
367511,0.699121316
369877,0.699232277
367930,0.699411496
371375,0.699642096
366095,0.699713414
375307,0.699720307
375028,0.699894297
367023,0.70009958
369329,0.700278685
360661,0.70051959
371980,0.700847345
366987,0.701415743
354471,0.701585981
356221,0.701714905
376086,0.702524842
363322,0.702797161
375587,0.702864813
374582,0.703467431
371989,0.704207477
366885,0.704696204
377504,0.7050224
361851,0.705092633
366492,0.705634944
373214,0.705701825
367719,0.705736146
377898,0.70581206
369793,0.706119673
372679,0.706536205
370157,0.70708607
363446,0.707564789
367365,0.707581763
368287,0.707703335
356941,0.708211539
360040,0.708222384
363336,0.708790184
361147,0.708880422
357084,0.708987526
376338,0.70906593
356957,0.709175276
371811,0.709218014
355787,0.710216595
360065,0.710311366
378187,0.711037995
373669,0.711156987
364475,0.711704153
373424,0.711752202
367183,0.712183202
374590,0.712188867
355431,0.71228113
368270,0.712647258
361261,0.712909188
359227,0.713334831
353561,0.713359032
360601,0.713366245
355373,0.713405495
373680,0.713428509
374779,0.713968055
363020,0.714096646
356179,0.714790621
353857,0.714931771
368987,0.715456975
369777,0.715577793
377194,0.71564725
371967,0.715673715
369585,0.716150221
358212,0.716305431
352859,0.716753317
360592,0.716847507
375296,0.717325604
367927,0.717361086
364196,0.717755517
378249,0.717875209
355212,0.71840826
373104,0.718949109
364295,0.719368723
372563,0.719501948
375313,0.719862864
371613,0.720279839
369315,0.720351844
356774,0.720568671
374914,0.720764336
374604,0.721214736
367336,0.72145643
354798,0.722188236
352658,0.72221143
363773,0.723487514
356408,0.72385065
375912,0.724301042
356420,0.72471908
354470,0.724955696
375147,0.725159346
358444,0.725614395
356746,0.725735613
369810,0.725826127
369034,0.72592067
364006,0.726292581
378384,0.726480214
354850,0.726786527
362005,0.727418084
352488,0.72752848
368718,0.727856428
355884,0.727955882
374764,0.72803064
363307,0.728282294
374432,0.728371418
365191,0.728845958
363123,0.729171874
377779,0.729313372
358620,0.729406013
365126,0.729722543
362701,0.729745416
368196,0.729975093
354675,0.730064813
376477,0.730142506
354658,0.730572972
352501,0.730830431
360290,0.73097014
378101,0.731463802
369450,0.732018703
361313,0.732075347
376116,0.733029858
371772,0.733110331
363755,0.733283075
356052,0.73332369
366078,0.733389656
369631,0.7336205
356779,0.734545334
372556,0.73489969
356634,0.73509484
375918,0.735105591
365009,0.735401575
371584,0.735406216
361234,0.735785197
378409,0.735835833
363914,0.736051407
357889,0.736183738
360839,0.737275414
364478,0.737289413
369470,0.738536786
367551,0.738710711
357484,0.739181102
354795,0.739583764
360406,0.739912645
365900,0.739969404
365776,0.739991499
372085,0.740096082
354039,0.740271811
377766,0.740614627
362175,0.74080485
359650,0.740975448
363465,0.741159478
363282,0.741247717
357493,0.741316767
354807,0.741320482
372107,0.742032637
362246,0.742726241
372282,0.742802111
376865,0.742841699
367536,0.742847889
363154,0.743044634
365314,0.743596358
361547,0.743660063
375285,0.743888612
374556,0.744171894
360598,0.74418807
373480,0.744507046
377931,0.744523541
365602,0.744961258
367495,0.744992399
357513,0.745585682
368289,0.74568342
370249,0.746296251
366870,0.746299228
373445,0.746300965
365437,0.746696408
374139,0.747091281
367384,0.747594157
357285,0.747953982
356944,0.747982122
371255,0.748148976
366107,0.748558368
357441,0.748575938
364167,0.748824597
357067,0.74889652
370545,0.749390724
372534,0.749594706
360075,0.749615749
368973,0.74964562
372125,0.749759197
364194,0.750373878
371597,0.750495638
373106,0.750586819
365594,0.750679651
366098,0.750795639
367566,0.751349723
366263,0.751489255
359113,0.75153483
371105,0.751718841
377618,0.751916691
366100,0.751949146
370929,0.751983952
360269,0.752046401
356614,0.752661106
376233,0.752894861
363033,0.752972257
355178,0.753955022
367400,0.754398396
353556,0.754410862
354855,0.755232542
367910,0.755681659
354401,0.755703807
355417,0.756663302
354817,0.756737869
361290,0.756888834
369476,0.757352591
376243,0.757402727
360646,0.757706294
376486,0.758228778
366101,0.75858862
354022,0.758729969
357094,0.759007228
373928,0.759146387
368256,0.759416234
354826,0.759774974
359782,0.759998771
373447,0.760191243
366860,0.760281245
369588,0.760342636
366804,0.760824186
368433,0.761386681
361718,0.761552872
359784,0.761601816
375599,0.761858509
361828,0.762158414
361306,0.762190079
364721,0.762328497
369586,0.762365509
357091,0.762418563
364999,0.762436347
362918,0.762719124
367522,0.764215459
366974,0.764445027
373823,0.76453478
375195,0.764608988
371657,0.764664137
361263,0.764967959
365747,0.76510607
358600,0.765260833
356390,0.765642697
364182,0.765754183
353587,0.765910492
376120,0.766462192
364251,0.766660211
373824,0.766750769
363730,0.767062696
363288,0.767480081
362243,0.767620797
355741,0.767623418
355677,0.767713662
359223,0.767779872
368594,0.76820915
360827,0.768245723
371621,0.768568916
355565,0.768673986
370701,0.769651375
375622,0.76988856
365867,0.771177458
360951,0.771303998
356057,0.77145258
374602,0.771899352
367920,0.772304259
360260,0.772441856
358237,0.772901894
372877,0.773119547
371593,0.773169273
360597,0.773176284
364048,0.773441353
357893,0.773585401
355166,0.774085748
372326,0.774353042
375908,0.775383204
353229,0.77545464
370103,0.775600595
368402,0.775919776
369180,0.776282456
355168,0.776857241
372103,0.777351316
367898,0.777580031
375126,0.777663704
367735,0.77827563
359272,0.778696972
368677,0.778709151
369174,0.778800972
368012,0.778890752
374576,0.778921294
373953,0.779312883
369308,0.779492548
354452,0.779525929
370209,0.780093886
365187,0.780114116
363757,0.780521401
378414,0.780759097
377807,0.780798154
355678,0.780814217
370147,0.781043116
367220,0.781143051
374558,0.781246226
375294,0.781600306
370270,0.781871459
352305,0.782043226
372557,0.782833952
372133,0.783061376
357907,0.783973289
358256,0.784213242
358956,0.784758481
352280,0.784827797
358213,0.785192114
358693,0.785467462
372110,0.785539668
373472,0.785587646
376191,0.78569904
355633,0.785709252
357093,0.785739015
368240,0.785747693
362220,0.786008855
362477,0.786256958
362717,0.787142361
371097,0.787864957
359222,0.787965733
358988,0.788604143
372102,0.789146149
372249,0.789646345
354796,0.790003727
357688,0.790110979
366665,0.790263479
356187,0.790344487
354978,0.790453609
372895,0.790664965
368403,0.790971274
367214,0.790990842
364643,0.791411101
356757,0.791925575
369549,0.792115328
361556,0.79225331
352816,0.792279742
375857,0.792367253
374905,0.793190058
361459,0.793303519
369006,0.793322972
367192,0.793426856
368839,0.793709592
365462,0.793909741
375318,0.794116582
375781,0.79411726
376878,0.794182896
360810,0.794682922
377471,0.794901973
371362,0.795026415
365434,0.795456746
352494,0.795708938
363467,0.79581899
356617,0.796284458
373468,0.796797049
363759,0.797103356
372736,0.797427609
376454,0.798071085
352320,0.798126732
368415,0.798435871
367005,0.799201771
362127,0.799245922
367908,0.799380812
362941,0.799570155
358592,0.799735353
364722,0.799855416
374289,0.800099229
373681,0.80085964
373653,0.801157877
371788,0.801166855
359849,0.801274246
378419,0.801327355
359385,0.801623546
368864,0.80189386
352871,0.802398629
368600,0.802790591
360064,0.802955119
367884,0.802962578
355532,0.803059292
374787,0.803363641
368061,0.803435271
366706,0.803530716
367886,0.803762352
372232,0.803772087
375040,0.804306943
360513,0.804413237
365168,0.80442397
363315,0.804575023
352301,0.804640782
366205,0.805474086
353030,0.806573079
357098,0.806730978
376886,0.807229108
359851,0.807711809
355745,0.807993065
367613,0.808587998
361863,0.808691526
354014,0.808715524
358452,0.809501973
372340,0.809652949
366509,0.809846106
367571,0.809983196
363906,0.810183814
378396,0.810511892
371084,0.81051375
372902,0.810602308
365534,0.810650868
378251,0.81093259
369599,0.81119367
356594,0.811261437
378405,0.811311953
353054,0.811419186
375301,0.811541267
354847,0.811671654
363453,0.811812195
370737,0.811814966
358602,0.811821893
376083,0.811866359
361847,0.8121602
358193,0.812271422
372898,0.813263607
361855,0.814091185
352316,0.81448263
360043,0.814533533
373816,0.815241877
356602,0.815458944
360730,0.815511803
364493,0.815703745
368222,0.816267528
365442,0.816443259
352874,0.816587813
353198,0.816825888
371065,0.817301896
370288,0.817512638
362486,0.817662099
368085,0.818124954
368425,0.818321656
371633,0.818325776
368834,0.818588199
375166,0.818772897
358463,0.818982694
373827,0.820261663
357475,0.820286772
373965,0.82045646
374296,0.820722946
356304,0.820971628
377629,0.821074059
365751,0.82120509
373123,0.821288145
372743,0.821413826
367932,0.821488818
367540,0.821956041
362245,0.821960379
364976,0.822110388
374327,0.822985541
366930,0.823005204
358232,0.82304507
368432,0.823415108
364963,0.823429317
369798,0.823495188
366871,0.824308489
366515,0.824375191
369546,0.824520054
375473,0.825030715
355193,0.825381681
375310,0.825933569
366066,0.826342395
358466,0.826624178
358709,0.826895328
362824,0.827048313
355152,0.827079087
372711,0.827279055
377638,0.827697308
370891,0.827741382
368559,0.828073643
367879,0.82831119
362155,0.828312242
357314,0.828695862
371079,0.828957868
372096,0.829192852
360976,0.82923424
359681,0.829441647
376504,0.829600467
353831,0.830143552
353596,0.830165176
354967,0.830440581
355201,0.830472907
373469,0.830488545
373371,0.830553158
361463,0.831471949
356776,0.831523816
356186,0.83167263
376512,0.831755056
369805,0.831778215
372241,0.832380634
375048,0.832418238
360402,0.832616661
357670,0.832848998
371387,0.832875367
362132,0.832909847
360590,0.832978005
375452,0.833861981
355182,0.833920873
370164,0.834607982
364480,0.83461646
374927,0.834963739
362219,0.835700666
362926,0.835936882
377183,0.836033077
364309,0.836731155
369487,0.836750726
370257,0.836911214
364044,0.837351982
371281,0.83743173
362470,0.837436921
356189,0.837480673
376832,0.837483088
367753,0.838477847
355458,0.838684852
358736,0.838850151
367711,0.83896338
370573,0.839000968
359603,0.840156849
378083,0.840224772
364961,0.840306081
361294,0.840611879
373984,0.840987783
354950,0.841000407
370910,0.841226114
368720,0.842192557
369004,0.84259926
373258,0.842655548
372331,0.843098197
358836,0.843167211
354652,0.84352757
363153,0.843546112
352660,0.843606673
359361,0.843931875
369804,0.844267983
361709,0.844667276
356386,0.844707278
357850,0.844756518
364776,0.844805305
365167,0.844846075
372323,0.844864257
375924,0.844887662
361849,0.845632768
376323,0.845977032
374455,0.845983317
376888,0.846518663
372769,0.84684856
374316,0.847596374
353178,0.84776676
374603,0.847774829
367363,0.847894717
375321,0.848270226
376839,0.848360948
367926,0.848845714
370188,0.848889404
374259,0.848922953
354449,0.848964263
356426,0.849775263
364633,0.850026286
364030,0.850311787
369017,0.851024791
372226,0.851143359
366994,0.851388604
356600,0.852281143
376096,0.852490856
367215,0.85285441
370885,0.853103573
355759,0.853268343
360581,0.853307965
361312,0.85352271
367553,0.853809245
352520,0.854250267
362724,0.854484388
367887,0.854725002
362003,0.854778254
366986,0.854901978
362869,0.85528071
355203,0.855451598
370552,0.855688265
361114,0.855768936
353084,0.855999832
373380,0.856126872
373248,0.85630042
369605,0.856395249
369151,0.85655104
360556,0.85694681
368750,0.856983243
359130,0.857694264
358624,0.857699333
358265,0.857943944
356932,0.85797662
375454,0.85822975
361827,0.858316446
369788,0.858400784
357709,0.859100125
375594,0.859163779
358438,0.859166726
368290,0.859261961
358206,0.859373645
375284,0.860158556
365324,0.860311223
370251,0.860422708
366865,0.86062338
359132,0.861132277
377713,0.861252083
355917,0.86157973
356606,0.86162799
366844,0.862490973
371228,0.862693183
368230,0.862729444
361685,0.863152584
373428,0.864795983
355794,0.864891098
369938,0.865922289
358431,0.866020686
359625,0.866493883
369448,0.866498401
358833,0.866565623
355395,0.867237573
363479,0.867671992
373822,0.867694653
369790,0.867791965
376896,0.868219518
372805,0.868267927
364179,0.8689482
371629,0.869060496
365759,0.869296369
368988,0.869356553
361551,0.869453271
378240,0.86946518
357282,0.869510271
361262,0.87000204
377362,0.870066659
354938,0.870140011
355769,0.870734639
362101,0.870957304
362301,0.871182099
376489,0.871377065
364462,0.871731379
368373,0.871783127
376326,0.871951466
362176,0.871983982
368392,0.872030033
368248,0.872048761
364172,0.872153876
366087,0.872254441
367233,0.872279882
371774,0.872292745
376754,0.872516644
370210,0.872885442
363754,0.872969926
356421,0.873071812
371643,0.873232597
375904,0.874114334
368411,0.874552307
377958,0.874587457
366278,0.874826156
365591,0.874945987
371819,0.87528676
367408,0.875542362
354143,0.875632885
370246,0.875698305
369987,0.875846061
359135,0.875899661
367561,0.876103664
361569,0.876426436
369178,0.876817165
367173,0.87690414
356911,0.876936363
373963,0.877019004
356890,0.877507236
375760,0.877689698
356044,0.87884047
373267,0.879172795
359270,0.879919806
370567,0.880389467
357223,0.880591349
372965,0.880762632
355895,0.881172439
374751,0.881218924
366505,0.881432592
352493,0.882001205
356182,0.882103349
353885,0.882177578
357527,0.882233999
376359,0.882398665
363480,0.88254835
357902,0.882651743
354468,0.882871834
356065,0.883528575
358734,0.883681277
366869,0.884218132
363866,0.884679246
363319,0.884863922
371094,0.885044285
374940,0.885157969
361006,0.885278136
374607,0.885430657
373466,0.885595712
363898,0.885666446
367754,0.885944514
367413,0.886153726
352302,0.886340183
364203,0.886666354
365599,0.886682158
368413,0.887095387
365189,0.887169889
358742,0.887270231
352865,0.887271539
368192,0.887956637
357288,0.888202721
358984,0.888539235
357869,0.888676608
367532,0.888852995
359507,0.889167506
366092,0.889321113
366983,0.889326451
365597,0.88936335
354459,0.889487659
370280,0.88957582
377365,0.889606539
363161,0.889658958
368838,0.890056011
378054,0.890219945
371088,0.890679151
362473,0.890753077
374581,0.890807657
367699,0.891216388
377901,0.891438847
355567,0.891774629
363752,0.892129125
352344,0.892195652
364631,0.892640885
358282,0.892662199
374739,0.893728917
357883,0.893903248
363121,0.89394839
360395,0.894309548
360594,0.894505559
376876,0.894927678
358157,0.895282988
362734,0.895649854
370565,0.895783312
360645,0.896124298
370584,0.89657541
354044,0.896646277
375896,0.896839273
371778,0.897159452
362461,0.897209626
364032,0.897332879
375037,0.897941619
367740,0.898577292
356569,0.898677353
377735,0.898851848
376350,0.899470818
376912,0.899582643
356387,0.89962669
357863,0.899800108
368569,0.900142878
375922,0.90119672
356369,0.901353681
362230,0.902019634
354576,0.902341717
376112,0.902460611
358467,0.902727867
376234,0.902850636
356756,0.903058248
356033,0.903307227
366650,0.903721203
371813,0.904242801
376993,0.904442095
373515,0.904725788
354962,0.9047825
369274,0.905091
366124,0.905950764
364978,0.906158237
359860,0.906523322
375303,0.907139078
368731,0.907385475
365570,0.908156449
370542,0.908305589
371376,0.908731183
370158,0.909382844
366886,0.909534956
375264,0.909603822
362872,0.909633434
374078,0.90968982
366097,0.909841665
357077,0.909995613
360575,0.910204888
353227,0.910690752
358061,0.910858727
364699,0.911758102
358223,0.912156229
369978,0.912531611
368421,0.912572018
374928,0.912597377
375588,0.912965316
366850,0.913547217
367902,0.913549111
356565,0.91407994
362929,0.914176957
361012,0.91462953
375295,0.914726402
370577,0.914841996
361861,0.915411588
372554,0.915664731
368604,0.91574252
358269,0.91623109
353166,0.916463747
377331,0.916701385
362223,0.916780889
367189,0.917240993
359495,0.917254615
374788,0.9174927
360226,0.917680407
363697,0.917807502
363338,0.917930307
370098,0.91803181
371586,0.91830917
363696,0.918740492
365440,0.918833703
352470,0.918836963
376333,0.919192699
374448,0.919228344
378071,0.919389835
378189,0.919482674
360855,0.919574392
374313,0.920008708
365609,0.920334897
355563,0.920617184
359494,0.920695603
370181,0.920943886
357887,0.921051966
362284,0.921221023
366276,0.92149042
357112,0.921724547
359673,0.921822745
367015,0.922119739
362149,0.922587313
353075,0.922601497
366843,0.923105549
367565,0.923106559
359370,0.923179753
363129,0.923212943
355905,0.923336366
371370,0.923384001
363146,0.924367367
363160,0.924844241
357347,0.925277995
356119,0.92599921
357103,0.926163239
355559,0.926739613
374755,0.927164074
366105,0.927173108
365408,0.927250675
369159,0.927535235
375453,0.92778274
355671,0.928044073
361460,0.928053552
357058,0.928429864
354415,0.928684836
368238,0.928965529
371294,0.929018925
357068,0.929867484
368558,0.930251216
354672,0.93036339
361575,0.930668937
370693,0.93069159
371780,0.930948563
370553,0.93142448
373974,0.931427069
367695,0.931450774
354234,0.932442967
366692,0.932736054
353578,0.932939
360955,0.933098859
362203,0.933401919
364311,0.933402467
372875,0.93378794
362214,0.933789103
371035,0.933803809
364479,0.933833236
357286,0.933839397
353403,0.934196883
373623,0.934342591
369191,0.935092462
370274,0.935332251
358005,0.935851533
369976,0.935907711
372128,0.93722566
375191,0.937281153
369463,0.937524122
358844,0.937586135
376094,0.937628973
369942,0.937736895
365783,0.937768114
375903,0.937801722
365607,0.93782668
374912,0.93810264
374931,0.938128789
355734,0.938162076
355523,0.93819477
364995,0.938248108
376680,0.938795958
364314,0.939091495
375621,0.939186259
368590,0.939237397
354235,0.940113926
376674,0.940206656
361432,0.940707922
376487,0.941398758
376046,0.941490249
364022,0.941655326
359626,0.941681269
362480,0.941931624
355792,0.94201294
358842,0.942236264
374783,0.942298014
368265,0.943075585
366523,0.943238191
364036,0.943440802
368978,0.943498375
354027,0.943786105
369152,0.944549878
359389,0.944848645
370381,0.945120255
363923,0.945301411
352508,0.946265169
376449,0.946318939
359827,0.946362749
368266,0.946769293
358006,0.947558438
372964,0.94773906
364333,0.948163883
364775,0.948174815
365784,0.948331626
361720,0.948657277
356777,0.948703495
356070,0.949099303
369422,0.949158687
361999,0.949224883
360278,0.949244332
352282,0.949315716
366240,0.949429059
371074,0.949466368
355134,0.950208344
362144,0.950508015
356959,0.950630108
353558,0.950851535
354958,0.950995201
362860,0.951434127
374906,0.952522527
360271,0.952748336
374773,0.952957277
360582,0.953027729
353416,0.953119993
371089,0.953126116
376422,0.953289789
370558,0.953443446
358059,0.953700327
356953,0.953731985
354801,0.95373868
364320,0.954137625
360468,0.954212229
365616,0.95435172
368587,0.954358741
370169,0.95438305
372259,0.954480682
376488,0.954687648
377448,0.95510954
356225,0.955367724
376670,0.955405696
370748,0.955705656
352699,0.956007367
356183,0.956146828
364996,0.956560282
362174,0.956616684
362449,0.956716556
366495,0.956820017
372673,0.957144193
356960,0.95730778
373658,0.957327407
367338,0.957337547
359960,0.957417473
371378,0.95743448
376328,0.958178796
378306,0.958341209
372815,0.958402953
366058,0.958697964
372346,0.958716098
356771,0.958837992
362928,0.959946493
357897,0.960207314
369305,0.960355412
359400,0.960757246
352331,0.96088679
365416,0.961434329
360287,0.961434806
362925,0.961623907
357101,0.961790873
353045,0.961940663
361826,0.962384238
367512,0.962859508
362895,0.962912793
356753,0.963174659
359488,0.963310845
373113,0.963397646
368252,0.96349695
354421,0.963532208
368409,0.963678439
375761,0.963788442
362241,0.96442924
361140,0.964526797
373102,0.964595241
372688,0.964858321
377576,0.965047253
361124,0.965084733
369638,0.965472319
369345,0.965493712
370250,0.965696636
353080,0.966264519
356388,0.966648899
365267,0.967230072
371656,0.967461047
358260,0.967619163
354939,0.96762034
353833,0.96798728
353550,0.968447345
367236,0.969014612
359253,0.969140719
367573,0.969158527
364718,0.969240032
375469,0.969370292
375921,0.96961828
355527,0.970082174
363168,0.970272471
360251,0.970903669
363038,0.972050407
368727,0.972090325
361269,0.972203786
355413,0.972523706
368849,0.972792824
371751,0.972821
354606,0.972838462
375194,0.972843416
358981,0.97305431
362469,0.973097898
364031,0.97361304
374447,0.973708469
368253,0.974173284
365431,0.974915473
359853,0.975067172
360294,0.975076868
370272,0.975342394
368424,0.97553704
367928,0.975585095
373439,0.976013497
364472,0.976691696
359831,0.976730668
368410,0.97699962
353043,0.977038063
355748,0.977465611
365443,0.977695294
367720,0.977868677
375625,0.977929671
368438,0.978057878
355770,0.978593941
367918,0.978600875
374119,0.978874932
361129,0.979066805
364305,0.979263033
355123,0.979300689
367399,0.979736517
359956,0.979918773
352522,0.979922789
355679,0.980257015
374605,0.980352358
365199,0.980455647
375465,0.980530299
353247,0.980887601
360230,0.981120854
371551,0.98161941
376892,0.981752722
358459,0.981926207
368186,0.9821893
373821,0.982875596
371262,0.983354803
354430,0.983442123
354756,0.983496917
376081,0.983574795
356180,0.984618102
369969,0.985061593
357525,0.985122491
371638,0.985490661
352710,0.985709075
368218,0.985827985
364628,0.986013026
369817,0.986219599
374465,0.986224691
358625,0.986433799
359608,0.986663911
352495,0.986962055
365740,0.987027966
361150,0.987100995
356642,0.987461837
361028,0.987976502
365608,0.988286005
373120,0.98874767
354423,0.988816965
359391,0.989204179
360273,0.989380893
357510,0.990285042
368657,0.99071787
369613,0.990765237
374310,0.990954865
367537,0.991004388
361287,0.99139524
374427,0.991410642
368976,0.991512254
376345,0.991723272
362451,0.992396127
363124,0.992601845
356610,0.992752141
373453,0.993078115
377494,0.993405038
377460,0.993435124
370267,0.993685029
363147,0.993870762
376649,0.99401234
359858,0.994071704
377776,0.994071891
356413,0.994162375
368700,0.994260658
366673,0.994338285
357474,0.994631629
358610,0.994795514
377924,0.995043757
357904,0.995631808
363583,0.996064101
369824,0.99612857
357275,0.996391564
377350,0.996476856
371595,0.996514278
353051,0.996548619
357676,0.996704932
371792,0.997107238
360534,0.997548952
364485,0.997702198
363155,0.998986797
368710,0.999693777
358067,0.999821223
372119,0.999977845
